Núm,Projeto,Relator,Atribuído a,Prioridade,Gravidade,Freqüência,Versão do Produto,Categoria,Data de Envio,SO,Versão SO,Plataforma,Visibilidade,Atualizado,Resumo,Estado,Resolução,Corrigido na Versão
0012236,BSB-DPF-SISCAER (Bugs),rrcardoso,fcsouza1,normal,médio,não se tentou,,Bugs,2018-12-13,,,,público,2018-12-13,EF047_Detalhar Credenciado Credencial-  Botão Voltar não sendo apresentado,atribuído,aberto,
0012233,BSB-DPF-SISCAER (Bugs),rrcardoso,fcsouza1,baixa,pequeno,não se tentou,,Bugs,2018-12-13,,,,público,2018-12-13,EF047_Detalhar Credenciado Credencial-  Corrigir hint conforme MS0987,atribuído,aberto,
0012234,BSB-DPF-SISCAER (Bugs),rrcardoso,fcsouza1,normal,médio,não se tentou,,Bugs,2018-12-13,,,,público,2018-12-13,EF047_Detalhar Credenciado Credencial- Data e hora de cadastro sendo apresenta iguais a data e hora de validação,atribuído,aberto,
0012231,BSB-DPF-SISCAER (Bugs),rrcardoso,fcsouza1,baixa,texto,não se tentou,,Bugs,2018-12-13,,,,público,2018-12-13,EF047_Detalhar Credenciado Credencial- Colocar em caixa alta Tipo da Credencial,atribuído,aberto,
0012232,BSB-DPF-SISCAER (Bugs),rrcardoso,fcsouza1,baixa,pequeno,não se tentou,,Bugs,2018-12-13,,,,público,2018-12-13,EF047_Detalhar Credenciado Credencial- Corrigir nome de campo,atribuído,aberto,
0012227,BSB-DPF-SISCAER (Bugs),rrcardoso,cggomes,normal,pequeno,não se tentou,,Bugs,2018-12-13,,,,público,2018-12-13,EF045_Pesquisar Credenciado Credencial - Mensagem diferente da documento de mensagem,atribuído,aberto,
0012220,BSB-DPF-SISCAER (Bugs),rrcardoso,cggomes,normal,médio,não se tentou,,Bugs,2018-12-12,,,,público,2018-12-13,EF045_Pesquisar Credenciado Credencial - Campo Data de Nascimento não permitindo consulta com ano de nascimento menor 2000,atribuído,aberto,
0012156,BSB-DPF-SISCAER (Bugs),rrcardoso,,normal,médio,não se tentou,,Bugs,2018-12-07,,,,público,2018-12-07,Ajusta breadcrumb Intranet,novo,aberto,
0012155,BSB-DPF-SISCAER (Bugs),rrcardoso,,normal,médio,não se tentou,,Bugs,2018-12-07,,,,público,2018-12-07,Ajusta breadcrumb internet,novo,aberto,
0012154,BSB-DPF-SISCAER (Bugs),rrcardoso,,normal,médio,não se tentou,,Bugs,2018-12-07,,,,público,2018-12-07,EF036_Pesquisar Usuário Externo -  Sem breadcrumb para item Usuário Externo,novo,aberto,
0012153,BSB-DPF-SISCAER (Bugs),rrcardoso,,normal,texto,não se tentou,,Bugs,2018-12-07,,,,público,2018-12-07,EF029_Gerar PDF com as informações do cadastro -  Tradução de campos errada no PDF,novo,aberto,
0012152,BSB-DPF-SISCAER (Bugs),rrcardoso,,normal,médio,não se tentou,,Bugs,2018-12-07,,,,público,2018-12-07,"EF028_Gerar PDF do Recibo do Cadastro - Campo ""ID Card(Foreigner)"" não foi recuperado no PDF",novo,aberto,
0012151,BSB-DPF-SISCAER (Bugs),rrcardoso,,baixa,texto,não se tentou,,Bugs,2018-12-07,,,,público,2018-12-07,EF0026_Cadastrar Solicitação de Requerimento de Credencial - Ajustar label de telefone quando inglês,novo,aberto,
0012028,BSB-DPF-SISCAER (Bugs),lpbatista,cggomes,normal,pequeno,não se tentou,,Bugs,2018-11-29,,,,público,2018-12-06,Ajustar Recibo de Credenciamento do cadastro externo e público,retorno,reaberto,
0010840,BSB-DPF-SISCAER (Bugs),fdalves,cggomes,normal,pequeno,não se tentou,,Bugs,2018-08-23,,,,público,2018-12-06,Sprint03-EF023_Pesquisar Servidor - Pesquisa de palavras sem acento não traz resultados com acento,retorno,reaberto,
0011350,BSB-DPF-SISCAER (Bugs),rrcardoso,fcsouza1,normal,médio,não se tentou,,Bugs,2018-10-01,,,,público,2018-12-06,Sprint04-EF0026_Cadastrar Solicitação de Requerimento de Credencial - Mensagem de formato de foto diferente da especificação,retorno,reaberto,
0012045,BSB-DPF-SISCAER (Bugs),lpbatista,cggomes,normal,pequeno,sempre,,Bugs,2018-12-03,,,,público,2018-12-06,Botão Histórico de Parecer sempre aparecendo - EF009,resolvido,corrigido,
0011665,BSB-DPF-SISCAER (Bugs),lpbatista,fcsouza1,normal,grande,aleatório,,Bugs,2018-10-31,,,,público,2018-12-06,ROTINA do SINIC não está encontrando restrição para credenciados que possuem crimes no SINIC,resolvido,corrigido,
0012122,BSB-DPF-MINER (Bugs),fdalves,,normal,médio,sempre,,Solicitação de Mudança Cliente,2018-12-04,,,,público,2018-12-04,"Remover ""ocultar colunas"" de todas as abas do Extrato do Caso Miner - item 55",novo,aberto,
0012121,BSB-DPF-MINER (Bugs),fdalves,,normal,médio,sempre,,Solicitação de Mudança Cliente,2018-12-04,,,,público,2018-12-04,Inconsistência OD/Titular - item 65,novo,aberto,
0012120,BSB-DPF-MINER (Bugs),fdalves,,normal,médio,sempre,,Solicitação de Mudança Cliente,2018-12-04,,,,público,2018-12-04,Detalhamento de inconsistências de pessoa OD - item 66,novo,aberto,
0012119,BSB-DPF-MINER (Bugs),fdalves,,normal,médio,sempre,,Solicitação de Mudança Cliente,2018-12-04,,,,público,2018-12-04,Alteração ortografica no menu Relatórios - item 71,novo,aberto,
0012118,BSB-DPF-MINER (Bugs),fdalves,,normal,médio,sempre,,Bugs Cliente,2018-12-04,,,,público,2018-12-04,Remoção de label na tela de validação de salvo - item 70,novo,aberto,
0012117,BSB-DPF-MINER (Bugs),fdalves,,normal,médio,sempre,,Bugs Cliente,2018-12-04,,,,público,2018-12-04,Classificação dos filtros sem ação - item 63,novo,aberto,
0012116,BSB-DPF-MINER (Bugs),fdalves,,normal,médio,sempre,,Bugs Cliente,2018-12-04,,,,público,2018-12-04,Box dos filtros e ordenações sem ação - item 62,novo,aberto,
0012114,BSB-DPF-MINER (Bugs),fdalves,,normal,médio,sempre,,Bugs Cliente,2018-12-04,,,,público,2018-12-04,Excluir caso não está funcionando - item 57,novo,aberto,
0012106,BSB-DPF-MINER (Bugs),fdalves,fdalves,normal,grande,aleatório,,Solicitação de Mudança Cliente,2018-12-04,,,,público,2018-12-04,"Miner -EF015-Visualizar_Dados_Brutos - Ícone para o menu ""Dados Brutos"": database",resolvido,reaberto,
0012099,BSB-DPF-MINER (Bugs),fdalves,fdalves,normal,grande,aleatório,,Solicitação de Mudança Cliente,2018-12-04,,,,público,2018-12-04,"Miner -EF016-Visualizar_Descontinuidade_Saldo- Ícone para o menu ""validação de saldo"": check-circle",resolvido,reaberto,
0012113,BSB-DPF-MINER (Bugs),fdalves,,normal,médio,sempre,,Bugs Cliente,2018-12-04,,,,público,2018-12-04,Mensagem [Nenhum registro encontrado] - item 58,novo,aberto,
0012112,BSB-DPF-MINER (Bugs),fdalves,,normal,médio,sempre,,Bugs Cliente,2018-12-04,,,,público,2018-12-04,"Em relatório de informações padronizadas, detalhar nome não está funcionando - item 64",novo,aberto,
0012111,BSB-DPF-MINER (Bugs),fdalves,,normal,grande,sempre,,Bugs Cliente,2018-12-04,,,,público,2018-12-04,Navegando para outra tela a janela do filtro fica ativa - item 69,novo,aberto,
0012055,BSB-DPF-MINER (Bugs),fdalves,,normal,grande,sempre,,Bugs,2018-12-03,,,,público,2018-12-04,Miner -EF016-Visualizar_Descontinuidade_Saldo - Responsável pelo atendimento inativo,novo,aberto,
0012094,BSB-DPF-MINER (Bugs),fdalves,fdalves,normal,grande,aleatório,,Bugs,2018-12-04,,,,público,2018-12-04,Miner -EF046-Visualizar_Detalhamento_Contas_Ocultas_Extrato - Filtros sem ação,resolvido,corrigido,
0012097,BSB-DPF-MINER (Bugs),fdalves,fdalves,normal,grande,aleatório,,Bugs,2018-12-04,,,,público,2018-12-04,Miner -EF004-Listar_Caso_Miner - numero de linha padrao do carregamento nao respeita o combo de pagina,resolvido,corrigido,
0012098,BSB-DPF-MINER (Bugs),fdalves,fdalves,normal,grande,aleatório,,Bugs,2018-12-04,,,,público,2018-12-04,Miner -EF009-Visualizar_Duplicados- numero de linha padrao do carregamento nao respeita o combo de pagina,resolvido,corrigido,
0012100,BSB-DPF-MINER (Bugs),fdalves,fdalves,normal,grande,aleatório,,Bugs,2018-12-04,,,,público,2018-12-04,"Miner -EF019-Padronizar_Nomes_Titulares- botoes fora do novo padrao, icone diskete no botao padronizar",resolvido,corrigido,
0012101,BSB-DPF-MINER (Bugs),fdalves,fdalves,normal,grande,aleatório,,Bugs,2018-12-04,,,,público,2018-12-04,Miner -EF031-Visualizar_Relatorio_Inconsistencia_Titulares_Contas- check não esta automatico com ao selecionar item da combox,resolvido,corrigido,
0012102,BSB-DPF-MINER (Bugs),fdalves,fdalves,normal,grande,aleatório,,Bugs,2018-12-04,,,,público,2018-12-04,Miner -EF033-Visualizar_Detalhamento_Inconsistencia_Titulares_Contas- tirar o underline da label origem destino,resolvido,corrigido,
0012103,BSB-DPF-MINER (Bugs),fdalves,fdalves,normal,grande,aleatório,,Bugs,2018-12-04,,,,público,2018-12-04,Miner -EF023-Padronizar_analise_coincidencia_CPF-CNPJ_invalido_OD- Falta mensagem de sucesso ao padronizar,resolvido,corrigido,
0012105,BSB-DPF-MINER (Bugs),fdalves,fdalves,normal,grande,aleatório,,Bugs,2018-12-04,,,,público,2018-12-04,"Miner -EF043-Visualizar_Contas_Lancamentos_Outros_Identificados - CSV nao popula a coluna ""Lançamento vinculado """,resolvido,corrigido,
0012108,BSB-DPF-MINER (Bugs),fdalves,fdalves,normal,grande,aleatório,,Bugs,2018-12-04,,,,público,2018-12-04,Miner -EF036-Padronizar_Inconsistencia_Pessoa_OD_Titular - coluna nome nao aplica os tres pontos,resolvido,corrigido,
0012095,BSB-DPF-MINER (Bugs),fdalves,wdribeiro,normal,grande,sempre,,Bugs,2018-12-04,,,,público,2018-12-04,Miner -EF004-Listar_Caso_Miner - adicionar coluna data do atendimento,resolvido,corrigido,
0012092,BSB-DPF-MINER (Bugs),fdalves,,normal,grande,sempre,,Bugs,2018-12-04,,,,público,2018-12-04,Miner -EF045-Visualizar_Relatorio_Investigados_Contas_Ocultas - Icone sem ação,novo,aberto,
0012093,BSB-DPF-MINER (Bugs),fdalves,dafilho,normal,médio,sempre,,Bugs,2018-12-04,,,,público,2018-12-04,Miner -EF045-Visualizar_Relatorio_Investigados_Contas_Ocultas - Divergência das colunas Nº da linha Cod Extrato Cód OD,atribuído,aberto,
0012091,BSB-DPF-MINER (Bugs),fdalves,dafilho,normal,médio,sempre,,Bugs,2018-12-04,,,,público,2018-12-04,Miner -EF045-Visualizar_Relatorio_Investigados_Contas_Ocultas- Omissão da Coluna TP_pessoa,atribuído,aberto,
0012089,BSB-DPF-MINER (Bugs),fdalves,dafilho,normal,pequeno,sempre,,Bugs,2018-12-04,,,,público,2018-12-04,Miner -EF045-Visualizar_Relatorio_Investigados_Contas_Ocultas - Divergência label Quantidade,atribuído,aberto,
0012090,BSB-DPF-MINER (Bugs),fdalves,dafilho,normal,médio,sempre,,Bugs,2018-12-04,,,,público,2018-12-04,Miner -EF045-Visualizar_Relatorio_Investigados_Contas_Ocultas- Divergencia nas colunas da tabela,atribuído,aberto,
0012088,BSB-DPF-MINER (Bugs),fdalves,dafilho,normal,médio,sempre,,Bugs,2018-12-04,,,,público,2018-12-04,Miner -EF038-Visualizar_Detalhamento_Inconsistencia_Pessoa_OD_Titular_Lancament - Divergencia nas colunas da tabela,atribuído,aberto,
0012083,BSB-DPF-MINER (Bugs),fdalves,,normal,pequeno,sempre,,Bugs,2018-12-04,,,,público,2018-12-04,Miner -EF012-Visualizar_Detalhamento_Registro_Sem_Correspondente - Alinhamento de Coluna,novo,aberto,
0012087,BSB-DPF-MINER (Bugs),fdalves,dafilho,normal,médio,sempre,,Bugs,2018-12-04,,,,público,2018-12-04,Miner -EF046-Visualizar_Detalhamento_Contas_Ocultas_Extrato - Divergencia nos campos observação e quantidade,atribuído,aberto,
0012086,BSB-DPF-MINER (Bugs),fdalves,,normal,médio,sempre,,Bugs,2018-12-04,,,,público,2018-12-04,Miner -EF045-Visualizar_Relatorio_Investigados_Contas_Ocultas - Botao esconder campos  fora do padrao de icones,novo,aberto,
0012085,BSB-DPF-MINER (Bugs),fdalves,,normal,médio,sempre,,Bugs,2018-12-04,,,,público,2018-12-04,Miner -EF045-Visualizar_Relatorio_Investigados_Contas_Ocultas - ClonunaOD Nome com letra minuscula,novo,aberto,
0012052,BSB-DPF-MINER (Bugs),fdalves,,normal,médio,sempre,,Bugs,2018-12-03,,,,público,2018-12-04,Miner -EF045-Visualizar_Relatorio_Investigados_Contas_Ocultas - Paginação não está sendo exibida,novo,aberto,
0012044,BSB-DPF-MINER (Bugs),fdalves,,normal,médio,sempre,,Bugs,2018-12-03,,,,público,2018-12-03,Miner -EF031-Visualizar_Relatorio_Inconsistencia_Titulares_Contas - Nome ultrapassa os limites a coluna,novo,aberto,
0012046,BSB-DPF-MINER (Bugs),fdalves,,normal,médio,sempre,,Bugs,2018-12-03,,,,público,2018-12-03,Miner -EF017-Visualizar_Detalhamento_Descontinuidade_Saldo - Campo CPF/CNPJ quebrando linha,novo,aberto,
0012047,BSB-DPF-MINER (Bugs),fdalves,,normal,médio,sempre,,Bugs,2018-12-03,,,,público,2018-12-03,Breadcrumbs - Padronizar o plural para os Breadcrumbs,novo,aberto,
0012050,BSB-DPF-MINER (Bugs),fdalves,,normal,médio,sempre,,Bugs,2018-12-03,,,,público,2018-12-03,Menus - Padronização das labels do menu,novo,aberto,
0012040,BSB-DPF-MINER (Bugs),fdalves,,normal,médio,sempre,,Bugs,2018-12-03,,,,público,2018-12-03,Miner -EF026-Visualizar_Relatorio_Geral_Padronizacao_OD - Domínio do filtro divergente,novo,aberto,
0012039,BSB-DPF-MINER (Bugs),fdalves,,alta,grande,sempre,,Bugs,2018-12-03,,,,público,2018-12-03,Miner -EF026-Visualizar_Relatorio_Geral_Padronizacao_OD - Erro ao despadronizar,novo,aberto,
0011971,BSB-DPF-MINER (Bugs),fdalves,,normal,pequeno,sempre,,Bugs,2018-11-26,,,,público,2018-12-03,Miner -EF043-Visualizar_Contas_Lancamentos_Outros_Identificados - Divergências de campos da tela,novo,aberto,
0012014,BSB-DPF-SISCAER (Bugs),rrcardoso,cggomes,normal,médio,não se tentou,,Bugs,2018-11-28,,,,público,2018-12-03,EF026_Cadastrar Solicitação de Requerimento de Credencial - Integrar com Keyclock com erro no cadastro,confirmado,aberto,
0012027,BSB-DPF-SISCAER (Bugs),rrcardoso,dvmarcilio,crítico,grande,não se tentou,,Bugs,2018-11-29,,,,público,2018-11-29,EF026_Cadastrar Solicitação de Requerimento de Credencial - Salvando desconsiderando zero a esquerda,confirmado,aberto,
0011964,BSB-DPF-SISCAER (Bugs),rrcardoso,dvmarcilio,alta,médio,não se tentou,,Bugs,2018-11-26,,,,público,2018-11-28,EF013_Visualizar Relação de Credenciados com Homônimos -  Não sendo possivel visualizar restrições com homonimos,admitido,aberto,
0011552,BSB-DPF-MINER (Bugs),fdalves,fdalves,normal,pequeno,não se tentou,,Bugs,2018-10-19,,,,público,2018-11-26,Miner -EF043-Visualizar_Contas_Lancamentos_Futuros_Identificados - Aplicação apresenta CSV com valores boleanos,confirmado,aberto,
0011226,BSB-DPF-SISCAER (Bugs),rrcardoso,cggomes,normal,médio,não se tentou,,Bugs,2018-09-24,,,,público,2018-11-22,Sprint04-EF015_Emitir Parecer de Análise de Credenciado com Restrição - Erro ao estourar limite de campo,resolvido,corrigido,
0011684,BSB-DPF-SISCAER (Bugs),lpbatista,fcsouza1,normal,médio,sempre,,Bugs,2018-11-06,,,,público,2018-11-22,Implementar as regras de exibição dos icones da tela de Pesquisar Usuário Externo (EF036),resolvido,corrigido,
0011666,BSB-DPF-SISCAER (Bugs),lpbatista,cggomes,normal,pequeno,não se tentou,,Bugs,2018-10-31,,,,público,2018-11-22,CANARD está dando erro ao salvar uma ocorrência com Anexo,resolvido,corrigido,
0011659,BSB-DPF-SISCAER (Bugs),rrcardoso,cggomes,alta,pequeno,não se tentou,,Bugs,2018-10-31,,,,público,2018-11-22,Sprint05-EF036_Pesquisar Usuário Externo - Atualizar hint,resolvido,corrigido,
0011633,BSB-DPF-SISCAER (Bugs),rrcardoso,lpbatista,normal,médio,não se tentou,,Bugs,2018-10-29,,,,público,2018-10-31,Sprint05-EF031_Validar Cadastro - Atualizar RN21.1 onde o campo Justificativa deve aparecer quando dados diverge da receita,atribuído,aberto,
0011614,BSB-DPF-SISCAER (Bugs),rrcardoso,cggomes,normal,médio,não se tentou,,Bugs,2018-10-27,,,,público,2018-10-27,Sprint05-EF022_Registrar Recolhimento de Credencial - Campo observação sem Limite causando erro ao salvar,resolvido,corrigido,
0011422,BSB-DPF-MINER (Bugs),fdalves,fhsouza,normal,pequeno,não se tentou,,Bugs,2018-10-04,,,,público,2018-10-26,Em descontinuidade de saldo – O filtro analise em descontinuidade de saldo,resolvido,corrigido,
0011085,BSB-DPF-MINER (Bugs),fdalves,fhsouza,normal,pequeno,não se tentou,,Bugs Cliente,2018-09-12,,,,público,2018-10-25,"22532 Padronizar CPF/CNPJ OD, passo 3 – ajustar a coluna ao texto - item 34 (Erro)",resolvido,corrigido,
0011211,BSB-DPF-SISCAER (Bugs),rrcardoso,lpbatista,baixa,texto,não se tentou,,Bugs,2018-09-21,,,,público,2018-10-24,Sprint04-EF019_Visualizar Relatório de Análise de Indicadores de Risco - Corrigir texto,atribuído,aberto,
0011391,BSB-DPF-MINER (Bugs),fdalves,fdalves,nenhuma,pequeno,não se tentou,,Solicitação de Mudança Cliente,2018-10-03,,,,público,2018-10-23,"23557 Nos passos 2 e 3 de ‘Padronizar CPF/CNPJ OD’, quando não há itens nas tabelas desabilitar padronizar - item 1 (lista2)",resolvido,corrigido,
0011551,BSB-DPF-MINER (Bugs),fdalves,fdalves,normal,pequeno,não se tentou,,Bugs,2018-10-19,,,,público,2018-10-23,Miner -EF043-Visualizar_Contas_Lancamentos_Futuros_Identificados - Quantidade de itens por página,confirmado,aberto,
0011543,BSB-DPF-MINER (Bugs),fdalves,dafilho,normal,pequeno,não se tentou,,Bugs,2018-10-19,,,,público,2018-10-23,EF041-Visualizar_Detalhamento_Contas_Padronizadas_Extrato - Coluna tp pessoa divergente,admitido,aberto,
0011539,BSB-DPF-MINER (Bugs),fdalves,fdalves,normal,pequeno,não se tentou,,Bugs,2018-10-19,,,,público,2018-10-23,EF040-Visualizar_Detalhamento_Inconsistencia_Pessoa_OD_Titular_Contas_Pessoas_Inconsistente - Exportar csv inativo,confirmado,aberto,
0011529,BSB-DPF-MINER (Bugs),fdalves,fdalves,normal,pequeno,não se tentou,,Bugs,2018-10-18,,,,público,2018-10-23,EF042-Visualizar_Detalhamento_Contas_Padronizadas_Lancamentos_OD -Aplicação omite a coluna OD Documento no arquivo csv,admitido,aberto,
0011528,BSB-DPF-MINER (Bugs),fdalves,dafilho,normal,pequeno,não se tentou,,Bugs,2018-10-18,,,,público,2018-10-23,EF042-Visualizar_Detalhamento_Contas_Padronizadas_Lancamentos_OD - Coluna Tp Pessoa divergente,atribuído,aberto,
0011527,BSB-DPF-MINER (Bugs),fdalves,fdalves,normal,pequeno,não se tentou,,Bugs,2018-10-18,,,,público,2018-10-23,EF039-Visualizar_Detalhamento_Inconsistencia_Pessoa_OD_Titular_Pessoas_Vinculadas_Conta - Exportar csv inativo,confirmado,aberto,
0011526,BSB-DPF-MINER (Bugs),fdalves,fdalves,normal,pequeno,não se tentou,,Bugs,2018-10-18,,,,público,2018-10-23,EF039-Visualizar_Detalhamento_Inconsistencia_Pessoa_OD_Titular_Pessoas_Vinculadas_Conta - Palavra Vinculo sem acento,resolvido,corrigido,
0011525,BSB-DPF-MINER (Bugs),fdalves,fdalves,normal,pequeno,não se tentou,,Bugs,2018-10-18,,,,público,2018-10-23,EF038 - Detalhar Inconsistencia Pessoa OD Titular Lancamentos Conta OD - Coluna od documento ausente no csv,confirmado,aberto,
0011524,BSB-DPF-MINER (Bugs),fdalves,dafilho,normal,pequeno,não se tentou,,Bugs,2018-10-18,,,,público,2018-10-23,EF038 - Detalhar Inconsistencia Pessoa OD Titular Lancamentos Conta OD - Coluna Tp Pessoa divergente,atribuído,aberto,
0011510,BSB-DPF-MINER (Bugs),fdalves,,normal,pequeno,não se tentou,,Bugs,2018-10-16,,,,público,2018-10-23,Miner -EF036-Padronizar_Inconsistencia_Pessoa_OD_Titular - Botoes omitidos,novo,aberto,
0011502,BSB-DPF-MINER (Bugs),fdalves,,normal,pequeno,não se tentou,,Bugs,2018-10-16,,,,público,2018-10-23,EF037-Visualizar_Detalhamento_Inconsistencia_Pessoa_OD_Titular_Extrato_Conta - Campo DC omite asterisco,novo,aberto,
0011501,BSB-DPF-MINER (Bugs),fdalves,,normal,pequeno,não se tentou,,Bugs,2018-10-15,,,,público,2018-10-23,Miner -EF034-Visualizar_Detalhamento_Inconsistencia_Titulares_Contas_Pessoas_Vinculadas - Filtro data não habilita opção limpar,novo,aberto,
0011499,BSB-DPF-MINER (Bugs),fdalves,wmcaldeira,normal,pequeno,não se tentou,,Bugs,2018-10-15,,,,público,2018-10-23,Miner -EF034-Visualizar_Detalhamento_Inconsistencia_Titulares_Contas_Pessoas_Vinculadas - Exportar csv inativo,resolvido,corrigido,
0011498,BSB-DPF-MINER (Bugs),fdalves,,normal,pequeno,não se tentou,,Bugs,2018-10-15,,,,público,2018-10-23,EF036-Padronizar_Inconsistencia_Pessoa_OD_Titular - Aplicação apresenta mensagem de sucesso sem itens para padronizar,novo,aberto,
0011497,BSB-DPF-MINER (Bugs),fdalves,wmcaldeira,normal,pequeno,não se tentou,,Bugs,2018-10-15,,,,público,2018-10-23,Miner -EF034-Visualizar_Detalhamento_Inconsistencia_Titulares_Contas_Pessoas_Vinculadas - Tipo de conta ausente,resolvido,corrigido,
0011496,BSB-DPF-MINER (Bugs),fdalves,dafilho,normal,pequeno,não se tentou,,Solicitação de Mudança,2018-10-15,,,,público,2018-10-23,EF036-Padronizar_Inconsistencia_Pessoa_OD_Titular - Aplicação apresenta mensagem de sucesso sem itens para padronizar,atribuído,aberto,
0011495,BSB-DPF-MINER (Bugs),fdalves,wmcaldeira,normal,pequeno,não se tentou,,Bugs,2018-10-15,,,,público,2018-10-23,EF036-Padronizar_Inconsistencia_Pessoa_OD_Titular - CSV omite resultados,resolvido,corrigido,
0011494,BSB-DPF-MINER (Bugs),fdalves,,normal,pequeno,não se tentou,,Bugs,2018-10-15,,,,público,2018-10-23,EF036-Padronizar_Inconsistencia_Pessoa_OD_Titular - Selecionar todos inativo,novo,aberto,
0011493,BSB-DPF-MINER (Bugs),fdalves,wmcaldeira,normal,pequeno,não se tentou,,Bugs,2018-10-15,,,,público,2018-10-23,EF036-Padronizar_Inconsistencia_Pessoa_OD_Titular - coluna divergente CPF-CNPJ Titular,resolvido,corrigido,
0011492,BSB-DPF-MINER (Bugs),fdalves,,normal,pequeno,não se tentou,,Bugs,2018-10-15,,,,público,2018-10-23,Miner -EF034-Visualizar_Detalhamento_Inconsistencia_Titulares_Contas_Pessoas_Vinculadas - Coluna Atendimento ausente,novo,aberto,
0011462,BSB-DPF-MINER (Bugs),fdalves,ypgabriel,normal,pequeno,não se tentou,,Bugs,2018-10-08,,,,público,2018-10-23,Miner -EF031-Visualizar_Relatorio_Inconsistencia_Titulares_Contas -Ao expandir tabela aplicação redireciona para um nível atras,confirmado,aberto,
0011459,BSB-DPF-MINER (Bugs),fdalves,ypgabriel,normal,pequeno,não se tentou,,Bugs,2018-10-08,,,,público,2018-10-23,Miner -EF032-Visualizar_Detalhamento_Inconsistencia_Titulares_Contas_Extrato- Coluna DC nao apresenta o asterisco no arquivo csv,resolvido,corrigido,
0011452,BSB-DPF-MINER (Bugs),fdalves,ypgabriel,normal,pequeno,não se tentou,,Bugs,2018-10-08,,,,público,2018-10-23,Miner -EF032-Visualizar_Detalhamento_Inconsistencia_Titulares_Contas_Extrato- Coluna DC nao apresenta o asterisco,resolvido,corrigido,
0011440,BSB-DPF-MINER (Bugs),fdalves,ypgabriel,normal,pequeno,não se tentou,,Bugs,2018-10-05,,,,público,2018-10-23,Miner -EF031-Visualizar_Relatorio_Inconsistencia_Titulares_Contas - Tp_conta no csv exibido como numero,confirmado,aberto,
0011439,BSB-DPF-MINER (Bugs),fdalves,ypgabriel,normal,pequeno,não se tentou,,Bugs,2018-10-05,,,,público,2018-10-23,Miner -EF031-Visualizar_Relatorio_Inconsistencia_Titulares_Contas - Filtros inativos,resolvido,corrigido,
0011420,BSB-DPF-MINER (Bugs),fdalves,fhsouza,normal,pequeno,não se tentou,,Bugs,2018-10-04,,,,público,2018-10-23,Relatório de dados brutos – O filtro data não admite inserir valores manuais,resolvido,corrigido,
0011376,BSB-DPF-MINER (Bugs),fdalves,fdalves,nenhuma,pequeno,não se tentou,,Bugs Cliente,2018-10-03,,,,público,2018-10-23,"23610 - Em ‘Padronizar CPF/CNPJ OD > Relatório informações padronizadas’, usar o domínio correto na coluna Tp Pessoa - 31 (Erro)",resolvido,corrigido,
0011406,BSB-DPF-MINER (Bugs),fdalves,fdalves,nenhuma,pequeno,não se tentou,,Solicitação de Mudança Cliente,2018-10-04,,,,público,2018-10-23,"23556 Apresentar as colunas Nome titular, OD Nome, Local Extrato e Observação alinhadas à esquerda - item 16 (lista2)",resolvido,corrigido,
0011407,BSB-DPF-MINER (Bugs),fdalves,fdalves,nenhuma,pequeno,não se tentou,,Solicitação de Mudança Cliente,2018-10-04,,,,público,2018-10-23,"23556 Apresentar as colunas Valor, OD Valor e Saldo alinhadas à direita - item 17 (lista2)",resolvido,corrigido,
0011378,BSB-DPF-MINER (Bugs),fdalves,fdalves,nenhuma,pequeno,não se tentou,,Bugs Cliente,2018-10-03,,,,público,2018-10-23,23612 - Ajustar a caixa de seleção da quantidade de itens por página em todos os relatório - 33 (Erro),resolvido,corrigido,
0011393,BSB-DPF-MINER (Bugs),fdalves,fdalves,nenhuma,pequeno,não se tentou,,Solicitação de Mudança Cliente,2018-10-03,,,,público,2018-10-23,23559 Ajustar a largura das colunas em todos os relatórios - item 3 (lista2),resolvido,corrigido,
0011372,BSB-DPF-MINER (Bugs),fdalves,fdalves,nenhuma,pequeno,não se tentou,,Bugs Cliente,2018-10-03,,,,público,2018-10-23,"23606 - Em Validação de Saldo, descontinuidade no saldo deve estar em negrito - 27 (Erro)",resolvido,corrigido,
0011383,BSB-DPF-MINER (Bugs),fdalves,,nenhuma,pequeno,não se tentou,,Bugs Cliente,2018-10-03,,,,público,2018-10-22,23616 alguns itens da tabela tiveram o tipo de pessoa padronizado manualmente não estão sendo apresentados - 37 (Erro),admitido,aberto,
0011374,BSB-DPF-MINER (Bugs),fdalves,fdalves,nenhuma,pequeno,não se tentou,,Bugs Cliente,2018-10-03,,,,público,2018-10-22,23608 - Em Padronizar Nomes Titulares o sistema apresenta nomes iguais sem considerar a divergência de espaços - 29 (Erro),resolvido,corrigido,
0010645,BSB-DPF-MINER (Bugs),fdalves,fdalves,normal,pequeno,não se tentou,,Solicitação de Mudança Cliente,2018-08-03,,,,público,2018-10-22,Miner -EF012-Visualizar_Detalhamento_Extrato-OD_Orfao - Remover de OD / Extrato Órfãos coluna 3,resolvido,corrigido,
0011385,BSB-DPF-MINER (Bugs),fdalves,wmcaldeira,nenhuma,pequeno,não se tentou,,Bugs Cliente,2018-10-03,,,,público,2018-10-22,"23617 - Relatório de informações padronizadas’, o relatório exibe linhas repetidas - 38 (Erro)",resolvido,corrigido,
0011171,BSB-DPF-MINER (Bugs),fdalves,fdalves,crítico,crítico,não se tentou,,Bugs Cliente,2018-09-18,,,,público,2018-10-22,22542 Padronização de conta não está considerando radicais de forma adequada- item 44 (Erro),confirmado,aberto,
0010422,BSB-DPF-MINER (Bugs),fdalves,wdribeiro,normal,pequeno,não se tentou,,Solicitação de Mudança Cliente,2018-07-18,,,,público,2018-10-22,Miner -EF012-Visualizar_Detalhamento_Extrato-OD_Orfao - 20871 Alterar filtros das colunas das tabelas para tipo select box,atribuído,reaberto,
0011381,BSB-DPF-MINER (Bugs),fdalves,fdalves,nenhuma,pequeno,não se tentou,,Bugs Cliente,2018-10-03,,,,público,2018-10-22,23615 Ao selecionar detalhar nomes foi apresentada lista somente com nomes repetidos - 36 (Erro),resolvido,corrigido,
0011390,BSB-DPF-MINER (Bugs),fdalves,fdalves,nenhuma,pequeno,não se tentou,,Bugs Cliente,2018-10-03,,,,público,2018-10-22,23620 - Relatório de Contas Investigadas’ devem ser apresentadas em cor cinza e o texto em outro tom de cinza - 41 (Erro),resolvido,corrigido,
0011377,BSB-DPF-MINER (Bugs),fdalves,fdalves,nenhuma,pequeno,não se tentou,,Bugs Cliente,2018-10-03,,,,público,2018-10-22,23611 A navegação pelos passos que se encontram no topo da página não está funcionando - 32 (Erro),resolvido,corrigido,
0011161,BSB-DPF-MINER (Bugs),fdalves,fdalves,normal,pequeno,não se tentou,,Bugs Cliente,2018-09-18,,,,público,2018-10-22,22530 Visualizar Padronização OD Titular – Não funciona a classificação/ordenação dos dados - item 32 (Erro),resolvido,corrigido,
0011395,BSB-DPF-MINER (Bugs),fdalves,fhsouza,nenhuma,pequeno,não se tentou,,Solicitação de Mudança Cliente,2018-10-03,,,,público,2018-10-22,"23561 No menu lateral, identificar com cor diferente o que está sendo acessado no momento pelo usuário; - item 5 (lista2)",resolvido,corrigido,
0011392,BSB-DPF-MINER (Bugs),fdalves,fhsouza,nenhuma,pequeno,não se tentou,,Solicitação de Mudança Cliente,2018-10-03,,,,público,2018-10-22,23558 Retirar o botão padronizar no passo 4 de ‘Padronizar CPF/CNPJ OD’ - item 2 (lista2),resolvido,corrigido,
0011071,BSB-DPF-MINER (Bugs),fdalves,fdalves,normal,pequeno,não se tentou,,Solicitação de Mudança Cliente,2018-09-12,,,,público,2018-10-22,Incluir botão ‘Voltar’ de ‘visualizar descontinuidade de saldo’ para ‘validação de saldo’ - item 6 (Melhoria),resolvido,corrigido,
0011388,BSB-DPF-MINER (Bugs),fdalves,wmcaldeira,nenhuma,pequeno,não se tentou,,Bugs Cliente,2018-10-03,,,,público,2018-10-22,23619 - Relatório de Contas Investigadas’ devem ser apresentadas em cor cinza e o texto em outro tom de cinza - 40 (Erro),resolvido,corrigido,
0011399,BSB-DPF-MINER (Bugs),fdalves,wmcaldeira,nenhuma,pequeno,não se tentou,,Solicitação de Mudança Cliente,2018-10-04,,,,público,2018-10-22,23564 Tirar filtro da tela “lista de casos”;- item 8 (lista2),resolvido,corrigido,
0011403,BSB-DPF-MINER (Bugs),fdalves,wmcaldeira,nenhuma,pequeno,não se tentou,,Solicitação de Mudança Cliente,2018-10-04,,,,público,2018-10-22,23569 Alinhar o ícone de excluir à direita da tela. Deixar apenas a palavra “Excluir”; - item 13 (lista2),resolvido,corrigido,
0011402,BSB-DPF-MINER (Bugs),fdalves,wmcaldeira,nenhuma,pequeno,não se tentou,,Solicitação de Mudança Cliente,2018-10-04,,,,público,2018-10-22,"23568 Na tela “lista de casos”, substituir por  (ícone do menu para criar caso); - item 11 (lista2)",resolvido,corrigido,
0011380,BSB-DPF-MINER (Bugs),fdalves,fdalves,nenhuma,pequeno,não se tentou,,Bugs Cliente,2018-10-03,,,,público,2018-10-22,23614 - Passo 3 Análise de tipo de pessoa a quantidade de itens na tabela não é apresentada - 35(Erro),resolvido,corrigido,
0011386,BSB-DPF-MINER (Bugs),fdalves,fdalves,nenhuma,pequeno,não se tentou,,Bugs Cliente,2018-10-03,,,,público,2018-10-22,23618 - Apresentar os valores do domínio na coluna de vínculo - 39 (Erro),resolvido,corrigido,
0011405,BSB-DPF-MINER (Bugs),fdalves,wmcaldeira,nenhuma,pequeno,não se tentou,,Solicitação de Mudança Cliente,2018-10-04,,,,público,2018-10-22,"23571 No relatório bruto, filtro não pode fazer distinção entre letra maiúscula e minúscula; - item 15 (lista2)",resolvido,corrigido,
0011409,BSB-DPF-MINER (Bugs),fdalves,wmcaldeira,nenhuma,pequeno,não se tentou,,Solicitação de Mudança Cliente,2018-10-04,,,,público,2018-10-22,23577 Trocar “voltar para validação de saldo” pelo ícone de seta de voltar - item 21 (lista2),resolvido,corrigido,
0011400,BSB-DPF-MINER (Bugs),fdalves,wmcaldeira,nenhuma,pequeno,não se tentou,,Solicitação de Mudança Cliente,2018-10-04,,,,público,2018-10-22,23565 Tirar filtro da aba “OD/Extrato Órfãos”;- item 9 (lista2),resolvido,corrigido,
0011401,BSB-DPF-MINER (Bugs),fdalves,wmcaldeira,nenhuma,pequeno,não se tentou,,Solicitação de Mudança Cliente,2018-10-04,,,,público,2018-10-22,23566 Trocar o nome da aba “OD/Extrato Órfãos” por “Registros sem correspondente” - item 10 (lista2),resolvido,corrigido,
0011412,BSB-DPF-MINER (Bugs),fdalves,wmcaldeira,nenhuma,pequeno,não se tentou,,Solicitação de Mudança Cliente,2018-10-04,,,,público,2018-10-22,23578 O sistema deve apresentar em um nível acima os filtros dos campos - item 22 (lista2),resolvido,corrigido,
0011379,BSB-DPF-MINER (Bugs),fdalves,fhsouza,nenhuma,pequeno,não se tentou,,Bugs Cliente,2018-10-03,,,,público,2018-10-20,23613 - O botão de voltar da tela de “Detalhamento da validação de saldo” não preserva os filtros - 34(Erro),resolvido,corrigido,
0011375,BSB-DPF-MINER (Bugs),fdalves,fdalves,nenhuma,pequeno,não se tentou,,Bugs Cliente,2018-10-03,,,,público,2018-10-20,"23609 - No campo “Você está aqui:”, colocar o caminho completo - 30 (Erro)",resolvido,corrigido,
0011373,BSB-DPF-MINER (Bugs),fdalves,wmcaldeira,nenhuma,pequeno,não se tentou,,Bugs Cliente,2018-10-03,,,,público,2018-10-20,"23607 - Em detalhamento de validação de saldo, tipo de conta está aparecendo o número - 28 (Erro)",resolvido,corrigido,
0011410,BSB-DPF-MINER (Bugs),fdalves,wmcaldeira,nenhuma,pequeno,não se tentou,,Solicitação de Mudança Cliente,2018-10-04,,,,público,2018-10-20,"23577 Em detalhamento de validação de saldo, trocar “contato do responsável pelo atendimento” - item 20 (lista2)",resolvido,corrigido,
0011413,BSB-DPF-MINER (Bugs),fdalves,wmcaldeira,nenhuma,pequeno,não se tentou,,Solicitação de Mudança Cliente,2018-10-04,,,,público,2018-10-20,"23581 Na funcionalidade ‘Padronizar CPF/CNPJ OD’, eliminar a linha de divisão- item 24 (lista2)",resolvido,corrigido,
0011414,BSB-DPF-MINER (Bugs),fdalves,wmcaldeira,nenhuma,pequeno,não se tentou,,Solicitação de Mudança Cliente,2018-10-04,,,,público,2018-10-20,"23582 Sempre que tiverem dois radicais possíveis, oferece 1-6 como padrão - 25 (lista2)",resolvido,corrigido,
0011397,BSB-DPF-MINER (Bugs),fdalves,wmcaldeira,nenhuma,pequeno,não se tentou,,Solicitação de Mudança Cliente,2018-10-04,,,,público,2018-10-20,"23562 No menu lateral, adicionar ícones a todos os itens do menu; - item 6 (lista2)",resolvido,corrigido,
0011394,BSB-DPF-MINER (Bugs),fdalves,wmcaldeira,nenhuma,pequeno,não se tentou,,Solicitação de Mudança Cliente,2018-10-03,,,,público,2018-10-20,23560 O sistema está demorando muito para apresentar a aba de ‘Conta inconsistente’ - item 4 (lista2),resolvido,corrigido,
0011404,BSB-DPF-MINER (Bugs),fdalves,fhsouza,nenhuma,pequeno,não se tentou,,Solicitação de Mudança Cliente,2018-10-04,,,,público,2018-10-20,"23570 Quando digitar um nome de caso Miner que já existe, sinalizar a caixa na cor vermelha - item 14 (lista2)",resolvido,corrigido,
0011415,BSB-DPF-MINER (Bugs),fdalves,fhsouza,nenhuma,pequeno,não se tentou,,Solicitação de Mudança Cliente,2018-10-04,,,,público,2018-10-20,"23583 Acrescentar a opção de selecionar as colunas “Endereço_Cidade”, “Endereço_UF” e “Endereço_CEP” - 26 (lista2)",resolvido,corrigido,
0011408,BSB-DPF-MINER (Bugs),fdalves,,nenhuma,pequeno,não se tentou,,Solicitação de Mudança Cliente,2018-10-04,,,,público,2018-10-19,23574 Trabalhar apenas com 1 barra de rolagem à direita da tabela - item 18 (lista2),novo,aberto,
0011398,BSB-DPF-MINER (Bugs),fdalves,,nenhuma,pequeno,não se tentou,,Solicitação de Mudança Cliente,2018-10-04,,,,público,2018-10-05,"23563 No menu lateral, adicionar a funcionalidade de recuar o menu;- item 7 (lista2)",novo,aberto,
0010243,BSB-DPF-MINER (Bugs),fdalves,fhsouza,normal,pequeno,não se tentou,,Bugs,2018-07-02,,,,público,2018-10-04,Interface - Aplicar caracteristicas gerais das tabelas RI4 - item 3 (Melhoria),admitido,aberto,
0010240,BSB-DPF-MINER (Bugs),fdalves,fhsouza,normal,pequeno,não se tentou,,Bugs,2018-06-30,,,,público,2018-10-04,Miner -EF007-Visualizar_Atendimentos_Importados - Aplicação não faz a ordenação original de quando a tela é carregada,admitido,aberto,
0010201,BSB-DPF-MINER (Bugs),fdalves,dafilho,normal,pequeno,não se tentou,,Bugs,2018-06-28,,,,público,2018-10-04,Miner -EF003-Criar_Projeto - Sistema não aplica a Rl2 Atendimento é duplicado de outro já vinculado ao projeto,admitido,aberto,
0010380,BSB-DPF-MINER (Bugs),fdalves,fhsouza,normal,grande,não se tentou,,Bugs,2018-07-16,,,,público,2018-10-04,Miner -EF012-Visualizar_Detalhamento_Extrato-OD_Orfao - Aplicação não ordena pela coluna tipo lancamento,atribuído,aberto,
0010375,BSB-DPF-MINER (Bugs),fdalves,wdribeiro,normal,pequeno,não se tentou,,Bugs,2018-07-16,,,,público,2018-10-04,Miner -EF011-Visualizar_OD-Extrato_Orfao - Aplicação não apresenta o Núm. Doc. Identificação OD no detalhamento de OD,resolvido,corrigido,
0010815,BSB-DPF-MINER (Bugs),fdalves,fhsouza,normal,pequeno,não se tentou,,Bugs,2018-08-22,,,,público,2018-10-04,EF003_Criar Caso Miner - Divergencia da mensagem MSG006,atribuído,aberto,
0010813,BSB-DPF-MINER (Bugs),fdalves,fhsouza,normal,pequeno,não se tentou,,Bugs,2018-08-22,,,,público,2018-10-04,Miner -EF023-Padronizar_analise_coincidencia_CPF-CNPJ_invalido_OD - Opção selecionar todos inativa,atribuído,aberto,
0010812,BSB-DPF-MINER (Bugs),fdalves,fhsouza,normal,pequeno,não se tentou,,Bugs,2018-08-22,,,,público,2018-10-04,EF020-Padronizar_Contas - Erro na TP_PADRONIZACAO_TP_PESSOA acrescentar o tipo 3,atribuído,aberto,
0010783,BSB-DPF-MINER (Bugs),fdalves,fhsouza,normal,pequeno,não se tentou,,Bugs,2018-08-20,,,,público,2018-10-04,Miner -EF021-Padronizar_OD_Conforme_Titular - Erro do encode do csv,atribuído,aberto,
0010778,BSB-DPF-MINER (Bugs),fdalves,fhsouza,normal,pequeno,não se tentou,,Bugs,2018-08-20,,,,público,2018-10-04,Miner -EF022-Visualizar_Relatorio_Padronizacao_OD - Aplicação não emite o relatório Padronização OD,atribuído,aberto,
0010765,BSB-DPF-MINER (Bugs),fdalves,fhsouza,normal,pequeno,não se tentou,,Bugs,2018-08-17,,,,público,2018-10-04,EF019_Padronizar_Nome_Titulares - Caso miner não é exibido com pessoa investigada em branco,atribuído,aberto,
0010758,BSB-DPF-MINER (Bugs),fdalves,fhsouza,normal,pequeno,não se tentou,,Bugs,2018-08-16,,,,público,2018-10-04,EF019_Padronizar_Nome_Titulares - Apresentação do arquivo csv não apresenta uma linha para cada nome,atribuído,aberto,
0010755,BSB-DPF-MINER (Bugs),fdalves,fhsouza,normal,pequeno,não se tentou,,Bugs,2018-08-16,,,,público,2018-10-04,EF019_Padronizar_Nome_Titulares - Filtro cpf-cnpj não está ativo,atribuído,aberto,
0011261,BSB-DPF-MINER (Bugs),fdalves,fhsouza,normal,pequeno,não se tentou,,Solicitação de Mudança Cliente,2018-09-26,,,,público,2018-10-04,22549  Miner -EF016-Visualizar_Descontinuidade_Saldo - Mulptiplas requisições e syncronize da ordenação - item 7 (melhoria),atribuído,aberto,
0011076,BSB-DPF-MINER (Bugs),fdalves,fhsouza,normal,pequeno,não se tentou,,Solicitação de Mudança Cliente,2018-09-12,,,,público,2018-10-04,Toda vez que se clica em Padronização nomes Titular demora para carregar- item 8 (Melhoria),atribuído,aberto,
0011073,BSB-DPF-MINER (Bugs),fdalves,fhsouza,normal,pequeno,não se tentou,,Solicitação de Mudança Cliente,2018-09-12,,,,público,2018-10-04,Toda vez que se clica em validação de saldo demora para carregar. - item 7 (Melhoria),atribuído,aberto,
0011345,BSB-DPF-SISCAER (Bugs),rrcardoso,lpbatista,normal,pequeno,não se tentou,,Solicitação de Mudança,2018-10-01,,,,público,2018-10-01,Sprint04-EF0026_Cadastrar Solicitação de Requerimento de Credencial - Colocar campo foto na aba Informações Pessoais,atribuído,aberto,
0011290,BSB-DPF-SISCAER (Bugs),rrcardoso,,normal,médio,não se tentou,,Bugs,2018-09-28,,,,público,2018-10-01,Sprint04- Sistema não esta apresentado versão da build corretamente,novo,aberto,
0011229,BSB-DPF-SISCAER (Bugs),rrcardoso,lpbatista,baixa,texto,não se tentou,,Bugs,2018-09-24,,,,público,2018-10-01,Sprint04-EF017_Pré Visualizar Relatório de Análise de Restrição- Corrigir texto,atribuído,aberto,
0011216,BSB-DPF-SISCAER (Bugs),rrcardoso,lpbatista,baixa,texto,não se tentou,,Bugs,2018-09-21,,,,público,2018-10-01,Sprint04-EF019_Visualizar Relatório de Análise de Indicadores de Risco - Atualizar prototipo de tela,atribuído,aberto,
0011184,BSB-DPF-SISCAER (Bugs),rrcardoso,lpbatista,normal,pequeno,não se tentou,,Bugs,2018-09-19,,,,público,2018-10-01,Sprint04-EF019_Visualizar Relatório de Análise de Indicadores de Risco - Ajustar forma de acesso,atribuído,aberto,
0011142,BSB-DPF-SISCAER (Bugs),rrcardoso,lpbatista,normal,médio,não se tentou,,Bugs,2018-09-17,,,,público,2018-10-01,Sprint01-EF003 Adicionar Ocorrência do Credenciado com Restrição no CANARD - Aplicação faz critica de obrigatóriedade para campo,atribuído,aberto,
